Place_ID,Plate2,Grid
0,24,E1
3,1,C4
4,1,C3
6,17,B2
7,16,E1
8,11,A3
9,11,A4
10,11,C5
11,16,E1
12,10,B4
13,10,D2
14,10,B3
15,10,D3
16,17,B3
17,18,A1
18,10,E5
19,17,B4
20,26,B2
21,10,D5
23,26,C2
24,10,A3
25,10,E1
26,20,E1
27,17,C2
28,17,E3
29,17,E1
31,15,E4
32,15,E5
34,10,D6
35,10,C6
36,10,C6
37,10,A4
38,10,A5
39,17,B4
40,10,C2
41,10,E3
42,16,D5
43,16,C5
44,15,E6
47,24,B1
49,35,E3
50,16,B5
51,32,C6
54,16,D4
55,16,E3
56,16,E5
57,32,A2
58,32,B5
59,23,E6
62,18,D1
63,16,C6
64,24,B1
65,16,B6
66,24,B3
67,15,E6
68,33,A1
73,25,E3
74,23,E1
75,23,E2
76,33,E5
77,11,B2
78,11,B4
80,16,E2
81,13,A4
82,12,D3
83,10,B2
85,15,E4
86,16,A4
87,10,A3
89,15,E5
92,0,
94,2,B4
96,5,E4
97,7,A1
100,25,A6
101,27,D1
104,2,D5
105,6,B5
106,6,C5
107,6,C4
108,6,E4
109,6,D6
111,7,B2
112,16,E1
114,16,E1
116,17,A2
120,19,B5
121,25,E6
126,11,E5
127,12,C1
129,10,E5
135,12,A6
139,27,A6
141,34,B5
142,2,D5
143,2,E6
144,7,A3
145,3,B6
148,28,B1
153,27,C1
154,34,E3
155,26,D2
159,26,D6
161,35,C4
162,34,B3
163,25,A4
165,26,A5
166,24,D4
172,10,D6
179,28,C2
180,27,E2
181,32,A5
183,32,C3
185,16,B6
189,16,E2
191,17,C2
192,28,A2
193,7,D2
194,7,C1
195,7,C1
196,7,C1
197,7,C1
199,5,E5
200,6,D5
203,6,E5
204,7,B5
205,2,E6
207,6,A5
208,6,B6
209,7,C3
210,5,B6
212,2,C6
213,6,A3
214,5,E4
217,5,D5
218,5,D6
222,17,B3
226,34,E4
227,35,A3
228,35,C2
229,35,A2
231,35,B2
232,34,D4
234,35,A1
235,27,C6
236,27,A6
237,26,E6
238,34,E1
239,34,C2
240,26,D6
241,34,C2
242,34,D2
243,6,C1
244,34,B2
245,34,C2
246,23,D5
249,9,E6
258,3,B4
260,3,C5
261,3,C6
262,35,B1
265,34,C2
266,34,D3
273,26,C2
279,34,A3
282,34,A2
285,34,B1
287,34,A1
293,27,E6
303,35,C2
304,35,D2
307,35,D1
309,28,B5
312,10,C1
329,27,C6
332,34,B1
344,3,B5
347,36,B3
367,6,B2
387,34,E2
391,27,C6
394,34,E2
424,35,D1
434,35,D1
443,27,B4
475,3,B5
480,33,E6
484,33,D1
485,33,B5
488,24,C5
489,6,E3
514,5,D6
530,24,A1
556,18,D3
586,6,E5
589,6,C3
601,7,A5
610,7,B5
614,7,C3
615,7,B6
621,36,A2
662,10,D1
663,10,D1
687,7,A6
688,3,A6
696,11,D5
702,11,D6
705,11,D4
713,16,B5
714,23,C5
715,32,A3
717,32,A5
718,24,A2
719,26,B3
721,10,D4
722,9,E5
725,34,D1
726,10,D5
730,29,E5
731,31,C3
733,24,E1
734,24,D1
736,24,B1
737,24,D2
738,24,A1
742,27,A3
745,33,B3
746,33,D5
749,35,C3
750,12,B2
751,35,C2
753,31,B5
754,31,C6
755,0,
756,0,
757,42,A6
758,42,B3
759,40,A4
760,35,A3
761,33,C3
762,29,A2
765,29,B5
766,29,C1
767,22,A5
768,10,B2
771,26,A4
772,10,A3
773,9,D6
774,11,D1
776,26,E5
777,35,D1
778,12,E1
779,27,B6
780,7,A6
781,1,D5
782,1,B3
784,1,C2
785,24,D2
788,10,D6
791,18,B2
793,11,C1
794,11,B2
795,17,D3
798,32,E1
800,17,A3
803,1,B5
804,1,D5
808,7,A6
810,6,A5
811,5,E2
812,2,B4
813,2,A3
814,6,A2
816,10,B1
817,2,D6
819,7,B3
820,2,D5
822,1,D4
823,1,B5
824,1,C5
826,6,C3
827,5,E3
829,1,D4
830,1,D3
833,5,A3
834,5,E2
835,5,C4
836,5,E5
837,2,E4
838,3,A6
840,3,A6
841,3,B6
842,3,B5
844,6,A3
845,6,B4
846,5,D1
849,1,C5
850,1,C5
853,5,A5
855,1,D6
857,5,A4
858,6,C5
859,6,D2
860,7,D5
861,1,D4
863,6,A6
864,6,D6
866,6,B5
868,5,C6
870,1,B5
872,1,C5
873,6,A2
878,5,C3
879,6,C3
880,5,E1
881,5,D1
882,5,E3
883,7,A3
884,5,E1
886,6,D1
887,5,C1
888,6,D3
891,5,C6
892,5,D2
893,5,D2
898,5,E6
899,3,D6
900,2,D6
901,2,E6
902,5,D4
904,5,C5
905,1,E5
906,1,E6
907,6,D3
908,6,E4
911,7,C1
912,5,D5
915,2,A5
919,3,C5
921,3,B5
922,4,C6
925,3,A6
926,5,D3
930,1,B6
932,6,B5
933,6,A1
934,1,D2
938,2,A3
940,5,B4
941,3,D6
942,6,E1
943,6,E5
945,6,E5
950,5,C3
951,5,C2
953,7,B1
955,6,E2
960,5,C6
963,6,A1
964,6,E5
965,6,E5
967,5,B3
970,3,D6
974,7,B1
975,7,A1
976,1,E6
981,5,B3
983,5,D1
984,1,D6
985,10,B2
986,10,B1
987,15,C6
993,10,A3
994,10,A3
995,10,A3
1001,9,D6
1002,10,A3
1003,42,A1
1004,0,
1005,40,B1
1010,22,C3
1013,24,A1
1014,24,C3
1018,4,E2
1020,10,C5
1021,10,C6
1022,17,B4
1023,18,B3
1027,5,E6
1028,6,A6
1029,5,E6
1030,5,C6
1031,5,B1
1032,5,E1
1033,6,A2
1034,5,E2
1041,5,D1
1043,5,B6
1044,5,B3
1048,5,D2
1051,5,C1
1052,1,E6
1053,1,E5
1056,1,E5
1058,1,C4
1059,1,C4
1060,1,C4
1065,2,A3
1066,2,A3
1075,1,D4
1077,5,B4
1080,1,E3
1084,25,D5
1089,6,C6
1090,6,E5
1094,6,E4
1095,3,A6
1096,1,B5
1102,22,C5
1103,1,C5
1105,1,D4
1107,1,B4
1110,10,B1
1111,5,E6
1112,6,A2
1116,7,A5
1120,3,B5
1121,3,B6
1122,35,D2
1123,36,E4
1125,33,D4
1126,20,D2
1127,26,E4
1128,19,A4
1129,27,C1
1132,33,C1
1133,33,A5
1135,25,D5
1136,26,C3
1137,26,D3
1141,21,C5
1142,21,C6
1143,21,B6
1145,29,B2
1146,29,A4
1147,22,D6
1148,29,A5
1149,37,E2
1151,37,E3
1152,41,B1
1153,22,D5
1154,29,B3
1156,29,D6
1157,38,C1
1158,38,A6
1159,38,A6
1160,38,D4
1162,31,A3
1163,22,E6
1175,0,
1193,29,D4
1197,38,B5
1203,2,A3
1206,26,C3
1207,26,D4
1208,7,B2
1210,26,C3
1214,26,D3
1215,5,E4
1220,27,A4
1221,27,C4
1223,27,C4
1225,27,B3
1226,26,D3
1227,26,E5
1228,26,E6
1230,26,D6
1233,34,E1
1234,34,E1
1235,35,B2
1237,36,A3
1238,25,D6
1241,33,A1
1242,31,E2
1251,13,A4
1256,31,D2
1257,24,A4
1262,24,E5
1263,24,B1
1265,31,D2
1266,19,A5
1270,11,A4
1272,10,D3
1274,17,C3
1275,10,A6
1294,20,E4
1296,17,D4
1299,2,D4
1303,24,A2
1304,1,D3
1305,2,B4
1306,5,E1
1307,1,B5
1309,5,B2
1311,5,D1
1312,5,C6
1316,2,C6
1318,3,A6
1322,39,C2
1324,6,D5
1326,41,B1
1327,6,E1
1328,16,B5
1329,32,D2
1331,33,A2
1332,33,B3
1333,25,A5
1334,35,D3
1335,32,D5
1337,10,A3
1340,11,E1
1342,9,E5
1345,10,B3
1346,10,B3
1347,10,B2
1348,10,A3
1349,10,A3
1350,9,E3
1351,10,A3
1352,10,A3
1353,10,A3
1354,10,A3
1355,10,A3
1357,0,
1358,10,A3
1359,10,A3
1360,10,A4
1361,10,A4
1362,9,E3
1363,10,A4
1364,10,A3
1365,10,B3
1366,10,A3
1367,10,A3
1368,10,B3
1369,10,B3
1370,10,C2
1371,17,B3
1372,10,B3
1374,10,D3
1376,10,E4
1377,11,B4
1379,10,D3
1381,10,C2
1383,10,A3
1385,10,D2
1386,10,A4
1389,18,A3
1390,18,C1
1391,24,B1
1392,15,C5
1393,16,E3
1394,24,A1
1395,23,E1
1397,16,D4
1398,16,C5
1399,16,B5
1401,24,A4
1402,24,E2
1403,24,D2
1404,25,C1
1406,16,C6
1407,16,B5
1415,31,E1
1418,21,B5
1419,29,B1
1420,29,D2
1421,30,E5
1422,29,D2
1423,38,A5
1425,38,C5
1426,38,B5
1428,38,A6
1429,41,C1
1430,38,E3
1431,39,A3
1432,39,A2
1433,39,B3
1434,39,A3
1435,21,D5
1436,30,B3
1437,37,D1
1438,29,A2
1439,29,A5
1440,29,A1
1441,21,A6
1442,37,D2
1443,37,C2
1444,37,B3
1445,37,B3
1446,37,C2
1447,37,B4
1448,37,B5
1449,41,B1
1450,41,B1
1451,41,D1
1452,37,E3
1453,37,E4
1454,38,B5
1455,38,C4
1456,38,C4
1457,39,A2
1458,39,A2
1459,39,B2
1460,39,B2
1461,39,B2
1462,39,B2
1463,39,B2
1464,30,C5
1465,30,D5
1466,30,D5
1467,30,E4
1468,31,A4
1469,37,D5
1470,37,C3
1471,37,D2
1472,37,E2
1473,38,A1
1474,38,A1
1475,29,A5
1476,29,A6
1477,29,A6
1478,29,A5
1479,29,B6
1480,38,A1
1481,29,B6
1482,29,C6
1483,29,D6
1484,29,D6
1485,30,A4
1486,29,E6
1487,38,D1
1488,38,B3
1490,29,B6
1491,29,A5
1492,29,A5
1493,29,A5
1494,29,B5
1495,29,B5
1496,29,B4
1497,29,B4
1498,29,C5
1499,29,C5
1500,29,C5
1501,29,C4
1502,29,C4
1503,29,C4
1504,29,C4
1505,29,D3
1506,29,B3
1507,29,A2
1508,29,B2
1509,29,A3
1510,29,A1
1511,29,A1
1512,29,A1
1513,21,A6
1514,21,B6
1515,29,B1
1516,29,C1
1517,29,C1
1518,29,C1
1519,21,B5
1520,29,E1
1521,30,B2
1522,22,A5
1523,22,C6
1524,22,B5
1525,22,C5
1526,21,C6
1527,21,B6
1528,21,C5
1529,21,C5
1530,29,B2
1531,29,C2
1532,37,D3
1534,29,C4
1535,29,C4
1536,29,C4
1537,37,D6
1538,30,E3
1539,29,D2
1540,30,E3
1542,30,E4
1543,30,D3
1544,30,C5
1545,22,D6
1546,30,D3
1547,22,C6
1548,41,B1
1549,30,C1
1550,29,A3
1551,29,C5
1552,29,C6
1553,29,A6
1554,29,A2
1555,30,B4
1556,39,A2
1557,38,E2
1558,38,E1
1559,30,B5
1560,38,C4
1561,38,B5
1563,37,E6
1564,41,D1
1565,41,C1
1566,37,C5
1567,30,C3
1568,21,C5
1569,21,C5
1570,22,C5
1571,22,D4
1572,41,C1
1573,38,C5
1574,37,E6
1575,37,E6
1576,41,B1
1577,37,E2
1578,30,C3
1579,30,D5
1580,39,D1
1581,30,C6
1582,30,B6
1583,31,B3
1584,31,A3
1585,31,B2
1586,31,A3
1587,30,E3
1588,30,E2
1589,30,E1
1590,30,E1
1591,30,E1
1592,30,E1
1593,30,E1
1594,30,E1
1595,30,E2
1596,30,E2
1597,30,E2
1599,22,D6
1600,22,C5
1601,22,B5
1602,21,D6
1603,21,E6
1604,21,D6
1605,29,C1
1607,22,C6
1608,22,D4
1609,30,D1
1610,31,A1
1611,30,A4
1612,22,D6
1613,30,B5
1614,29,C4
1615,29,D4
1616,30,C3
1617,29,E1
1618,29,C5
1619,22,E5
1620,6,E1
1621,10,E1
1622,10,C1
1623,6,E1
1624,5,B3
1626,7,B2
1627,7,C2
1629,3,B6
1632,7,B6
1633,7,A6
1635,5,B4
1638,2,E6
1639,6,E2
1640,6,E1
1641,1,D6
1642,5,D6
1643,2,A5
1644,6,A5
1645,6,B6
1646,2,D6
1647,3,B6
1648,5,C5
1650,10,B1
1652,6,C5
1653,6,D5
1654,2,A6
1656,5,B2
1657,6,D4
1658,7,A5
1659,6,D1
1660,1,D6
1661,7,B2
1662,7,D2
1663,1,E6
1664,6,C3
1666,1,C1
1667,5,E5
1668,10,C1
1669,3,B5
1670,3,A4
1671,3,B5
1673,6,E5
1675,5,B6
1676,6,E5
1677,10,C1
1678,5,E6
1680,6,A1
1681,6,C6
1682,5,D3
1683,1,D3
1684,7,A4
1685,6,E4
1687,5,C4
1688,5,C4
1689,5,C4
1690,3,B6
1691,5,C6
1692,6,D6
1693,6,D6
1694,5,C2
1695,1,C2
1696,1,B4
1697,1,C4
1698,1,E5
1699,3,C6
1700,6,D4
1701,6,E2
1702,6,E2
1704,3,B6
1705,5,E3
1706,2,D6
1709,2,E4
1710,1,B5
1711,1,B5
1712,10,B1
1713,5,B5
1714,5,D2
1715,3,B5
1716,3,B5
1717,3,B6
1718,5,C5
1719,1,C2
1720,6,E1
1721,6,D5
1722,6,E5
1723,6,C2
1724,1,D2
1725,1,C2
1726,3,C5
1727,5,E5
1728,3,A6
1729,6,C6
1733,1,C3
1734,15,E4
1735,15,E4
1736,16,A4
1737,16,A3
1738,16,A3
1739,15,E4
1740,16,A3
1741,16,A4
1744,2,A3
1745,2,A6
1746,2,A5
1748,1,C4
1750,5,D6
1751,5,D6
1752,5,D5
1753,5,E5
1754,5,E5
1755,5,C4
1756,5,B4
1757,5,B4
1758,5,B3
1759,5,A4
1760,5,B3
1761,5,B2
1762,5,B2
1763,5,C2
1764,5,C2
1765,5,C2
1766,5,C2
1767,5,C2
1768,5,C1
1769,5,C1
1770,5,C1
1771,5,C1
1772,5,D1
1773,5,C1
1774,1,D6
1775,1,D6
1776,1,D6
1777,1,C6
1779,1,C6
1788,16,A1
1789,16,B1
1790,9,A6
1791,16,C3
1792,16,C2
1793,16,C3
1794,16,C2
1795,16,B2
1796,16,C1
1797,16,C1
1798,9,C6
1800,9,A5
1801,9,B4
1802,9,B3
1803,9,B3
1804,9,B2
1805,9,D5
1806,9,C4
1807,9,D5
1808,9,E4
1809,9,D2
1810,9,E4
1811,9,E3
1812,9,E1
1813,9,C1
1815,9,E2
1816,9,E1
1817,5,B1
1818,1,B6
1819,4,D6
1820,4,D5
1821,4,E4
1822,4,E4
1823,4,E3
1824,15,E5
1825,16,A4
1826,16,A3
1827,16,A4
1830,16,C3
1831,16,A1
1832,16,B1
1834,9,C4
1835,9,E3
1836,5,A5
1838,16,A1
1843,9,C3
1848,16,B4
1849,16,A3
1850,16,A4
1851,16,A4
1852,16,A3
1853,16,A2
1855,16,A3
1856,15,E4
1857,16,A3
1858,16,B1
1860,16,B1
1861,10,A1
1862,16,C3
1863,10,A1
1865,9,C1
1867,16,B3
1868,16,C2
1869,16,B2
1870,16,C1
1871,16,C1
1872,9,C6
1873,9,E3
1874,9,C5
1875,9,D6
1876,9,E2
1877,9,E3
1878,9,E1
1879,4,E5
1880,4,E4
1881,5,A4
1882,4,D6
1883,4,E3
1885,4,D6
1886,4,E5
1887,5,A2
1888,5,B1
1889,5,A1
1890,5,A1
1891,1,B6
1892,1,C5
1893,4,E4
1894,9,C3
1896,5,B1
1897,16,C4
1898,9,E1
1899,9,D4
1900,9,C4
1901,9,C4
1902,9,C4
1903,9,C4
1904,9,C4
1905,9,C4
1907,9,C3
1908,9,D1
1909,9,D1
1911,9,B4
1912,15,E4
1913,15,E4
1914,16,A4
1915,16,A3
1916,9,A5
1917,9,B6
1919,9,E1
1920,4,D5
1921,1,A6
1923,1,B6
1924,16,A4
1925,15,E4
1926,16,A4
1927,16,A3
1928,16,B2
1929,16,B2
1930,16,B2
1932,16,B4
1934,9,B6
1935,9,B6
1936,16,B2
1937,16,B1
1938,16,C1
1939,9,C6
1940,9,C5
1942,4,D6
1943,15,E3
1944,15,E3
1945,15,E5
1946,15,E5
1949,10,B3
1951,10,B2
1952,24,A2
1953,32,A4
1955,0,
1956,40,E6
1957,0,
1958,0,
1959,0,
1960,0,
1961,0,
1962,0,
1963,0,
1964,0,
1965,38,C4
1966,22,E6
1968,37,C2
1969,29,A5
1970,29,A3
1971,21,A6
1972,31,B2
1974,37,C2
1975,38,C5
1976,31,A4
1978,31,B2
1979,22,E5
1980,23,A3
1982,23,A5
1983,21,B5
1984,29,C1
1985,37,E1
1988,37,C6
1989,11,E6
1990,11,D4
1991,11,D5
1992,11,C1
1993,11,C1
1996,11,C2
1997,12,E3
1998,13,A3
1999,13,A3
2000,12,D4
2001,12,A4
2002,13,A5
2003,12,E5
2006,12,C2
2008,11,D6
2011,12,A1
2013,20,A1
2014,20,A1
2015,13,A6
2016,13,A6
2017,13,A6
2018,18,E2
2019,19,B2
2020,18,E2
2021,12,A6
2022,12,A3
2024,19,E2
2026,11,B6
2028,16,A4
2029,15,E2
2030,16,B4
2031,15,E2
2032,15,E3
2033,16,C2
2034,16,C2
2035,16,A1
2036,9,A6
2037,16,C1
2038,9,A5
2039,9,A5
2040,9,D5
2042,9,D5
2043,9,C1
2044,10,A2
2045,5,A4
2046,1,A6
2056,9,D1
2057,5,B1
2058,4,D5
2061,15,C6
2062,15,C5
2063,15,E6
2064,15,E6
2067,12,A1
2072,3,A6
2073,5,E3
2074,6,A1
2075,1,E6
2076,1,E6
2077,1,E5
2078,1,E5
2079,24,B2
2080,24,C2
2081,24,B1
2082,24,B1
2083,24,A4
2084,24,A3
2085,24,B3
2086,24,B3
2087,24,A4
2088,24,B3
2089,15,E5
2090,16,A3
2091,16,A4
2092,16,A3
2093,16,A4
2094,16,A2
2096,15,E5
2097,16,B1
2098,9,A6
2099,16,C1
2100,9,B4
2101,9,C1
2103,9,C3
2104,9,C1
2105,9,E2
2106,9,D1
2107,9,E4
2109,9,D2
2110,9,D1
2111,4,D6
2112,9,E1
2113,4,D6
2114,4,D6
2115,4,D6
2116,4,D6
2117,4,D6
2118,4,E5
2119,4,E5
2120,4,E5
2121,4,E5
2122,4,E5
2123,4,E4
2124,4,E4
2125,4,E4
2126,5,A4
2127,4,E3
2128,4,E3
2129,4,E3
2130,4,E3
2131,4,E3
2132,4,E2
2133,5,A2
2135,5,A3
2136,5,A3
2137,5,A3
2138,5,A2
2139,5,B2
2140,5,B2
2142,5,B1
2143,5,B1
2144,5,A1
2145,5,A1
2146,5,B1
2147,1,B6
2148,1,A6
2149,1,B6
2150,1,C6
2151,1,B6
2152,1,B6
2153,1,C6
2154,1,B6
2155,1,B6
2156,1,B6
2157,1,B6
2158,1,B5
2159,1,A6
2160,1,B5
2164,4,E4
2166,11,C4
2167,11,E2
2168,12,E5
2169,13,A5
2170,28,A5
2171,28,D4
2172,28,A5
2173,28,A6
2175,27,B5
2177,36,C3
2178,26,A4
2185,1,B6
2188,39,B1
2190,16,A3
2191,16,B6
2192,25,D6
2193,33,D1
2194,25,C6
2195,20,A4
2196,20,B3
2199,33,D1
2200,33,D3
2204,21,E5
2207,6,D4
2208,3,B6
2209,9,E2
2210,10,A1
2211,16,A1
2212,16,B4
2213,16,B2
2214,15,E6
2215,10,A4
2216,11,D5
2217,27,B2
2219,27,C1
2220,19,E6
2221,12,E3
2222,11,C4
2223,11,C2
2224,11,E1
2225,10,E4
2226,12,E5
2227,24,A3
2228,33,A4
2229,32,D3
2230,32,C4
2231,32,D4
2232,32,C1
2234,33,E5
2235,33,D1
2237,9,E2
2238,9,E1
2239,5,A2
2240,30,C2
2241,30,C1
2242,38,B3
2243,41,B1
2244,37,E3
2245,38,A5
2246,38,B5
2247,38,D4
2248,39,A1
2249,37,C5
2250,29,A6
2251,29,D6
2252,30,D3
2254,31,A3
2255,22,D6
2256,29,C3
2258,24,E4
2259,24,D1
2262,24,A1
2263,24,C2
2270,16,E6
2271,17,C6
2275,25,C3
2278,32,A3
2279,32,D3
2280,25,D4
2281,24,E2
2282,16,E3
2283,16,D1
2286,16,D4
2289,18,A6
2290,33,A2
2291,32,C4
2293,33,A1
2294,32,A1
2295,23,C6
2296,24,B5
2298,25,A4
2299,23,E5
2308,32,D1
2312,32,E4
2314,33,C1
2315,33,C1
2316,17,B4
2317,25,B2
2318,31,D1
2319,24,A3
2321,10,E5
2322,27,D2
2323,6,A6
2324,12,B5
2326,6,D4
2327,6,B2
2328,2,A5
2329,3,A5
2332,6,A3
2333,33,D5
2334,31,E1
2337,13,B5
2338,10,A4
2339,27,E3
2340,27,E1
2341,28,A3
2342,19,C5
2343,19,B4
2344,19,D6
2345,19,C4
2347,1,D5
2348,5,D1
2349,42,B6
2350,41,A2
2351,33,B4
2352,0,
2364,8,C6
2389,0,
2393,16,B4
2395,32,D4
2396,32,C4
2397,33,C3
2398,28,C3
2400,0,
2401,0,
2402,41,B5
2403,0,
2404,37,B4
2405,37,A3
2406,37,B1
2407,37,C1
2408,0,
2409,0,
2410,0,
2411,21,A5
2412,0,
2413,11,C4
2414,12,C2
2415,35,E2
2416,11,A4
2417,11,E2
2418,26,B1
2419,32,B2
2421,0,
2422,2,D6
2423,6,D1
2425,7,A5
2426,22,C3
2427,24,A4
2428,22,A4
2429,15,A4
2431,15,C4
2432,15,C3
2433,15,D1
2435,16,A4
2436,5,A1
2437,1,A6
2438,4,E2
2441,20,D2
2443,18,E1
2444,25,A6
2445,25,B6
2446,33,A2
2447,32,B4
2448,6,D3
2449,6,E4
2451,6,C4
2452,32,B2
2453,37,D2
2454,1,B4
2455,1,B4
2456,30,B1
2457,1,C5
2458,1,C6
2459,9,B2
2460,9,C1
2461,22,D5
2462,9,E2
2463,30,C1
2464,4,E6
2465,5,B1
2466,37,D6
2467,1,C6
2468,37,D2
2471,21,C5
2472,15,C6
2473,1,B6
2474,1,B6
2475,5,B1
2476,1,C6
2477,1,C6
2478,37,C4
2480,38,D4
2481,38,C5
2483,38,A5
2484,1,B6
2485,1,B6
2490,38,C4
2494,31,B3
2495,1,D4
2496,1,D5
2498,4,E6
2500,4,E5
2503,2,C4
2504,9,C4
2505,9,D4
2506,9,C4
2507,9,C4
2513,39,B3
2519,12,B5
2520,12,C5
2521,13,B6
2522,11,E1
2523,10,C5
2524,19,A4
2525,19,A3
2526,36,B1
2527,30,C6
2528,38,D2
2529,18,A5
2530,30,C6
2531,26,E1
2535,11,C6
2536,7,D5
2537,11,B2
2538,16,A4
2539,7,A6
2543,8,D6
2544,4,B4
2545,19,A6
2548,27,D3
2549,11,E3
2551,7,E5
2552,7,B3
2553,16,E1
2555,24,D2
2556,37,E6
2557,9,C4
2558,9,C4
2560,5,E1
2562,5,A1
2563,3,C6
2564,16,C5
2565,2,A4
2566,18,B5
2567,18,C5
2568,18,D4
2569,18,B1
2570,9,D3
2571,30,A4
2573,30,A5
2574,18,E1
2578,2,C2
2579,2,C4
2581,5,D3
2582,9,D1
2583,16,B5
2585,9,A6
2586,9,A6
2590,10,B3
2596,10,A4
2597,10,C4
2599,15,B5
2600,2,B3
2601,2,E4
2603,38,A2
2605,38,A3
2606,30,D1
2607,37,C3
2608,21,C5
2609,22,E6
2610,38,B5
2611,22,C5
2612,37,D2
2613,30,C1
2614,37,C6
2615,37,D5
2616,30,D1
2617,37,C3
2618,37,C3
2619,22,E5
2620,38,C2
2621,29,D6
2622,22,E5
2623,31,A2
2624,22,C6
2625,38,C3
2626,30,D1
2627,30,A5
2628,29,D6
2629,37,D3
2630,31,B2
2631,30,C1
2632,37,E4
2634,22,E5
2635,22,E6
2636,22,E6
2637,29,E1
2638,29,E5
2639,29,B2
2640,22,D6
2641,37,E6
2642,37,C4
2643,22,D5
2644,30,C4
2645,29,B3
2646,13,A6
2650,30,A3
2651,30,E3
2652,31,A3
2653,29,E5
2654,29,D5
2655,29,E5
2656,30,D3
2657,30,C3
2658,30,B5
2659,22,D6
2660,22,D5
2661,22,D5
2662,30,E2
2663,21,B6
2664,30,B6
2665,30,A5
2666,37,C5
2667,38,A6
2668,29,A2
2669,23,A1
2670,37,E6
2671,0,
2672,0,
2673,16,D2
2674,9,C4
2675,9,C4
2676,9,E4
2677,9,D3
2678,5,A3
2679,40,B6
2680,31,A5
2681,41,B3
2682,17,E3
2683,38,A1
2684,38,A3
2685,30,C6
2686,0,
2687,0,
2688,0,
2690,30,E5
2691,41,B1
2692,0,
2693,29,B5
2694,29,C6
2695,29,C6
2696,38,C1
2697,38,D1
2698,29,D6
2699,29,C6
2700,29,B5
2701,29,C5
2703,29,B4
2704,29,A1
2705,21,B6
2706,21,B6
2707,29,B1
2708,29,C1
2709,22,A5
2710,41,C1
2711,23,A5
2712,22,D4
2715,0,
2716,39,B1
2718,38,B1
2719,38,C1
2724,29,C5
2725,16,A5
2726,15,E4
2727,15,E4
2728,16,A4
2729,29,C5
2730,29,B5
2731,29,A3
2732,21,C6
2733,21,D5
2735,29,D2
2736,37,C6
2737,29,B4
2738,29,A3
2740,23,A5
2741,30,E5
2742,30,E5
2743,30,D5
2744,29,A5
2745,0,
2746,22,E4
2747,22,E4
2748,22,E4
2749,23,A5
2750,31,C2
2751,22,E5
2752,22,D6
2753,31,B1
2755,37,E6
2756,31,B3
2757,31,B5
2758,30,D6
2759,39,B4
2760,39,B6
2762,29,D6
2763,30,E5
2764,39,D1
2765,29,C6
2766,37,E1
2767,29,C6
2769,22,E6
2770,22,E6
2774,5,E2
2775,38,B3
2776,37,E3
2777,38,C4
2778,37,D6
2779,41,B1
2780,37,B6
2781,29,B3
2782,29,B1
2784,22,E6
2785,22,E4
2786,22,E4
2787,22,E5
2788,22,E5
2789,30,C2
2790,30,C2
2791,30,C1
2792,22,E6
2793,31,A2
2794,37,E2
2795,21,C5
2796,22,E6
2797,22,E5
2798,22,D5
2799,22,C6
2801,22,C6
2802,21,E6
2803,29,C1
2804,21,A6
2805,31,A3
2806,30,E2
2807,30,E2
2808,30,E1
2809,30,E1
2810,30,E1
2811,30,E2
2814,1,C4
2816,1,C3
2817,0,
2820,16,D1
2822,18,B1
2824,30,E2
2825,31,A2
2826,30,E3
2827,30,E1
2828,22,D5
2829,29,D4
2830,22,D6
2831,29,E2
2832,22,D6
2833,15,A5
2835,21,E4
2836,37,D1
2837,37,B5
2838,41,E6
2839,42,C5
2840,0,
2841,7,E3
2842,0,
2843,0,
2844,0,
2845,0,
2847,32,D5
2848,16,D6
2849,6,A6
2850,6,A5
2851,5,D6
2853,2,A6
2855,6,A1
2856,6,A1
2858,5,E1
2859,7,A5
2860,9,C1
2861,9,D1
2863,9,C1
2865,9,E2
2866,6,E2
2867,7,B2
2868,7,A4
2869,24,B4
2870,24,B4
2871,24,B4
2872,24,B4
2873,24,B4
2874,24,B4
2875,24,B4
2876,24,A4
2877,24,A4
2878,24,A4
2879,24,B4
2880,24,B4
2881,24,B4
2882,24,B3
2883,24,B4
2884,24,B3
2885,24,B3
2886,24,A3
2887,24,A3
2888,24,B3
2889,24,B3
2890,1,B4
2891,25,B6
2892,23,B1
2893,9,E2
2898,9,D4
2899,16,D2
2900,6,C1
2902,18,D2
2904,33,C5
2905,39,D1
2906,0,
2907,0,
2908,1,A6
2910,16,B4
2912,1,D5
2914,16,C3
2915,22,A5
2916,24,B1
2918,24,B1
2920,33,B2
2923,31,E1
2925,1,C3
2926,1,C5
2927,1,B6
2928,1,B6
2929,5,B2
2930,5,B2
2933,5,A2
2934,1,B6
2935,5,A2
2936,5,A2
2937,5,A1
2939,5,B2
2940,5,B1
2941,5,A1
2943,1,B6
2944,5,B1
2945,5,B1
2946,5,B1
2947,4,E3
2950,1,E6
2955,1,D6
2956,5,E1
2958,5,E3
2960,5,D5
2961,5,C6
2962,6,D5
2965,6,A2
2969,6,A1
2973,1,B6
2974,1,B6
2975,5,B2
2977,5,A3
2978,5,A3
2979,15,C4
2980,4,E5
2982,4,D6
2988,9,D2
2990,9,B6
2991,9,D5
2995,16,A4
2996,22,C5
3000,38,B1
3001,37,E4
3002,30,C6
3003,21,C6
3004,37,E4
3005,38,B4
3006,22,D6
3007,30,E1
3008,29,E3
3009,29,D4
3010,30,A2
3011,30,D4
3012,30,D4
3013,39,B1
3014,30,B6
3015,31,E2
3017,24,C1
3018,23,C4
3019,17,D2
3020,17,E2
3023,10,E6
3024,11,D4
3025,12,A5
3026,11,E5
3027,12,E5
3028,13,A5
3029,0,
3030,7,D5
3032,13,E1
3033,0,
3034,13,D1
3035,28,D2
3036,28,D3
3037,36,B2
3038,0,
3039,0,
3040,36,E2
3041,36,E2
3042,36,D1
3043,0,
3044,0,
3045,0,
3046,0,
3048,36,D4
3049,36,D3
3050,27,D2
3051,32,E4
3052,32,D4
3053,33,A3
3054,26,A3
3056,17,D2
3057,18,A5
3058,27,C3
3061,25,E3
3067,19,B5
3068,23,B3
3069,10,D4
3071,1,E6
3072,1,B5
3074,17,C4
3078,24,D3
3080,28,A4
3086,13,E2
3090,3,C6
3091,7,A1
3092,6,E2
3093,10,D6
3094,4,D6
3095,5,E2
3096,24,D1
3097,24,D1
3098,24,D1
3099,24,D1
3100,24,D1
3101,16,D6
3102,16,E6
3103,16,E5
3105,16,B5
3106,24,D2
3107,24,D2
3108,21,C6
3111,30,B6
3112,10,A1
3113,27,E6
3114,29,A4
3115,33,A5
3116,10,A1
3117,5,A5
3119,6,A1
3120,1,C3
3122,30,C6
3123,22,B5
3124,22,B5
3125,39,B1
3126,31,B3
3127,2,C4
3128,1,B6
3135,22,D6
3137,33,D1
3138,33,D1
3141,12,E3
3142,16,C3
3143,7,A1
3145,3,A5
3148,7,C1
3149,6,D5
3150,6,D5
3153,5,A2
3157,3,B5
3158,3,C6
3159,3,C6
3160,3,A6
3161,3,A6
3162,7,B1
3163,3,B5
3164,3,C6
3165,3,A5
3166,3,A5
3167,3,A6
3168,3,A6
3169,3,A6
3170,3,A6
3171,7,B1
3172,3,A6
3173,3,A5
3174,3,A6
3175,3,A5
3178,3,A6
3181,2,E4
3184,6,E4
3185,6,E4
3186,6,E6
3187,3,C4
3188,3,D2
3189,5,C4
3190,6,C5
3191,6,B5
3192,6,B6
3193,6,C5
3194,6,B5
3195,5,E6
3196,5,E5
3197,11,A1
3198,5,E6
3199,2,E3
3200,1,E3
3201,1,D6
3203,1,B6
3204,1,B6
3205,1,B6
3206,1,B6
3207,1,B6
3208,1,B5
3209,1,B5
3210,1,C4
3211,1,D4
3212,1,C4
3213,1,C5
3214,1,C5
3215,5,B3
3216,1,D5
3217,16,A4
3218,15,E5
3219,1,C3
3220,4,D6
3221,4,D6
3222,9,E4
3223,9,B2
3225,1,B6
3226,1,B6
3227,1,B6
3228,1,B5
3229,1,B6
3230,1,A6
3231,10,A2
3232,5,B1
3233,4,E2
3234,5,A4
3235,4,E3
3237,0,
3238,17,B3
3239,0,
3240,0,
3241,29,A4
3242,37,E3
3243,32,B3
3244,5,E1
3245,2,B5
3246,25,E5
3247,1,B6
3248,27,E5
3249,7,B1
3251,5,C1
3252,1,C4
3253,15,E6
3254,15,E6
3255,15,E6
3256,15,E6
3257,15,E6
3258,1,A6
3259,13,C6
3260,13,A5
3261,13,D4
3263,13,D4
3264,12,E5
3265,12,E5
3266,12,E4
3267,12,A2
3268,11,E2
3269,12,A4
3270,11,D6
3271,11,D6
3272,11,D6
3273,11,E6
3274,11,D4
3275,11,D4
3276,11,D5
3277,11,E5
3279,10,A5
3280,11,C3
3281,11,D2
3282,11,C1
3283,11,D6
3285,13,A3
3286,12,E2
3287,0,
3289,12,D4
3290,12,E5
3291,17,C3
3293,11,C5
3294,18,B1
3295,12,C3
3296,12,C3
3297,12,C3
3298,12,B2
3299,13,B1
3300,12,E4
3301,13,E2
3302,12,C2
3303,12,C2
3304,12,C2
3305,13,A1
3306,13,A1
3307,13,A2
3308,12,E1
3309,1,C2
3310,1,D3
3311,1,D4
3312,6,D5
3313,6,C5
3314,6,D4
3315,6,D3
3316,6,C3
3317,6,E4
3318,7,A6
3319,6,E6
3320,6,E5
3321,6,B6
3322,6,B6
3323,6,C6
3324,6,B6
3325,5,C5
3326,5,E6
3328,10,E1
3329,6,A6
3331,5,E6
3332,5,E1
3333,6,A1
3334,6,A3
3335,2,D4
3336,5,E1
3337,2,A5
3340,7,A5
3341,2,E6
3342,1,C5
3343,1,B5
3344,1,C5
3345,1,C5
3346,1,B5
3347,1,D5
3348,1,B5
3350,1,C5
3351,1,C5
3352,1,C5
3354,3,B6
3355,3,B5
3356,3,C5
3357,3,B5
3358,3,C5
3360,3,B6
3361,3,B6
3362,1,C5
3364,6,E2
3365,2,E6
3366,3,A6
3367,7,A1
3368,7,A1
3371,1,B4
3373,1,B5
3374,1,B4
3375,1,B3
3376,7,B2
3377,7,B1
3378,7,C2
3380,6,E5
3381,5,E1
3382,2,A6
3383,2,A6
3384,6,A1
3385,5,E1
3386,5,E1
3387,6,E5
3388,1,B5
3389,1,C3
3390,1,C4
3391,1,C5
3392,1,C3
3393,12,E3
3394,10,E4
3395,26,D3
3396,10,A4
3397,10,A4
3398,10,B3
3399,10,C2
3400,10,C2
3401,11,C2
3402,11,D2
3403,12,A2
3404,12,B1
3405,18,D2
3406,18,C1
3407,27,E4
3408,18,D4
3410,35,E3
3411,17,C2
3412,11,C3
3413,24,D3
3414,24,E6
3416,16,D5
3417,16,C5
3418,11,E3
3419,29,C3
3420,22,C6
3421,30,C6
3422,38,A3
3423,30,E2
3424,30,E3
3425,30,E2
3426,30,E2
3427,30,E2
3428,30,C2
3429,30,C2
3430,22,D5
3432,22,B5
3437,30,D3
3439,37,D3
3440,37,D3
3441,37,D3
3442,37,D3
3443,37,D4
3444,29,E3
3446,29,D2
3447,37,D3
3449,37,D6
3450,37,D6
3451,6,A2
3453,9,C4
3454,9,C4
3455,21,C6
3456,37,D6
3457,37,D6
3458,37,D5
3459,37,D5
3460,37,D6
3462,30,B4
3463,30,B4
3464,30,B5
3466,30,B4
3467,30,B4
3468,38,C4
3469,38,C4
3470,38,D3
3472,38,C4
3473,41,D1
3477,37,D6
3478,37,E6
3479,30,D5
3480,30,B5
3481,30,B5
3482,30,C3
3485,27,A2
3486,35,E2
3487,16,A4
3488,16,A2
3490,9,D3
3491,9,C3
3492,9,C3
3493,9,C3
3494,9,C3
3495,9,C3
3498,9,D3
3500,5,B1
3501,5,C3
3506,10,C6
3507,37,E5
3508,17,C3
3509,11,E2
3510,11,E2
3512,0,
3514,3,D5
3520,26,B1
3521,25,E3
3522,25,B1
3523,25,B1
3524,24,D2
3525,25,B1
3526,19,B3
3527,20,C2
3528,11,E4
3530,20,A1
3533,11,D4
3537,10,C6
3538,22,B5
3540,38,E2
3544,1,B6
3545,1,D4
3547,1,C1
3548,1,C2
3552,5,D6
3553,5,D2
3554,5,E1
3555,5,E1
3557,3,A6
3561,1,B4
3562,38,A1
3563,38,A2
3564,37,D2
3565,37,E2
3566,37,E1
3567,37,D2
3568,37,C2
3569,37,D2
3570,37,D3
3571,37,D3
3572,37,C3
3574,37,C4
3575,37,C3
3576,37,C3
3577,37,C4
3578,37,C4
3579,37,D4
3581,37,D6
3582,41,B1
3583,37,E6
3584,37,E6
3585,38,B6
3586,30,A5
3587,21,B5
3588,37,B6
3589,30,B3
3590,21,C5
3591,21,C5
3592,29,A4
3593,29,B5
3594,29,D2
3596,37,D3
3597,37,E4
3598,31,B3
3599,37,B6
3600,41,B1
3601,37,B6
3602,37,B6
3603,37,D3
3604,41,C1
3605,22,C6
3606,37,C6
3607,37,D2
3608,38,B5
3609,22,C5
3610,22,E5
3611,29,A3
3612,29,A5
3613,29,C3
3614,30,D4
3615,37,C4
3616,29,B4
3617,39,A2
3618,39,A2
3619,30,E5
3620,39,A2
3621,37,D6
3622,37,D2
3623,37,E4
3624,38,B4
3625,38,C3
3626,38,C3
3627,29,D6
3628,30,B5
3629,30,E2
3630,31,A2
3631,37,C5
3632,30,C1
3633,31,A1
3634,30,E3
3635,21,D6
3636,22,A6
3637,22,A6
3638,30,E3
3639,37,C6
3640,29,A6
3641,31,A4
3642,22,E5
3643,38,A1
3644,22,E6
3645,22,E5
3646,37,C5
3647,41,B1
3648,37,C3
3649,22,C5
3650,38,D2
3651,39,B2
3652,39,A3
3653,22,E5
3656,38,B5
3657,30,D5
3658,41,C1
3659,38,C5
3662,12,E5
3663,12,D3
3664,17,A2
3665,17,B1
3666,11,B5
3667,11,C3
3668,11,E3
3670,27,E2
3673,18,D5
3674,10,D5
3675,35,E1
3676,35,E1
3677,35,E1
3678,35,E1
3679,35,D3
3680,36,A1
3681,35,A4
3682,12,C4
3683,12,E3
3684,12,E3
3685,12,B6
3686,12,B5
3687,11,D4
3688,10,B6
3689,27,A3
3690,27,B5
3691,18,D1
3692,26,C2
3693,27,B2
3694,27,C2
3695,19,E6
3696,28,D6
3697,19,B5
3698,19,B4
3699,18,A1
3700,12,D3
3701,19,A4
3702,17,C2
3703,17,C2
3704,17,E3
3705,17,C3
3706,17,D2
3707,17,D2
3708,17,D1
3709,17,D2
3710,17,A1
3711,17,C2
3712,26,D2
3713,12,E4
3714,12,E5
3715,17,C3
3716,26,E2
3717,27,C2
3718,27,C2
3719,12,B2
3720,11,A4
3721,10,E4
3722,11,A4
3723,10,E4
3724,10,D3
3725,10,D3
3726,10,D4
3727,16,E1
3728,16,D1
3729,22,C4
3730,22,D1
3731,22,A2
3732,21,E4
3733,0,
3734,21,B4
3735,0,
3736,41,A5
3737,41,B5
3738,41,C5
3739,41,C6
3740,41,D6
3741,41,D6
3742,41,E6
3743,42,C6
3744,0,
3745,34,E5
3746,3,B6
3747,2,D4
3748,5,E6
3749,1,C5
3750,30,C1
3753,16,A5
3754,16,A5
3755,10,A4
3757,3,C5
3758,35,A3
3759,29,C4
3761,6,B6
3762,7,A1
3763,7,A5
3765,11,E1
3766,3,A6
3768,11,A6
3769,33,E3
3770,34,A3
3771,34,A3
3772,34,A2
3773,34,A1
3774,27,B6
3775,29,B1
3776,38,C2
3777,33,B4
3778,33,B4
3779,37,B6
3780,37,C5
3781,38,A6
3782,22,D4
3783,22,E5
3784,22,D4
3785,22,C4
3786,21,E5
3787,22,D5
3788,22,B6
3798,30,C3
3799,30,B3
3800,41,B1
3801,41,B1
3803,38,E1
3804,38,E1
3805,38,E1
3807,38,D2
3808,30,B4
3809,30,B4
3810,37,C3
3811,37,D6
3812,37,D6
3813,37,D6
3814,37,D5
3815,30,B5
3816,30,B5
3817,30,B4
3818,30,A4
3819,34,B2
3820,34,B2
3823,19,E1
3824,12,D6
3825,15,E6
3826,38,B5
3827,38,B5
3828,38,A5
3829,37,E6
3830,37,D6
3832,30,E3
3837,29,E3
3838,29,E2
3839,9,C3
3840,27,B4
3841,38,E1
3842,5,E1
3843,11,A5
3845,37,E5
3846,37,E3
3847,37,E4
3848,38,B3
3850,7,B2
3851,16,C5
3854,41,A1
3855,15,E4
3857,16,C5
3858,24,A2
3859,22,D6
3860,22,D6
3861,38,E2
3862,38,E3
3863,37,C4
3864,37,C4
3865,30,D6
3866,30,D6
3867,30,C6
3868,39,C1
3869,30,E3
3870,0,
3871,31,A2
3872,15,C2
3873,11,C5
3875,0,
3876,39,A2
3877,30,C3
3878,30,E2
3879,30,B5
3880,0,
3881,16,A4
3882,16,B2
3884,5,A3
3885,4,E5
3886,29,B3
3887,38,B4
3888,38,B4
3889,38,B4
3890,38,E3
3891,30,C2
3892,21,C6
3893,39,C2
3894,39,C2
3895,39,D1
3896,39,C2
3897,29,C1
3898,29,A2
3899,29,A2
3900,41,C1
3901,0,
3903,30,A2
3904,37,D6
3905,29,E4
3906,30,A5
3907,30,E6
3909,30,A1
3910,9,C6
3912,31,A4
3914,8,D6
3915,8,E3
3916,10,C6
3917,16,A4
3918,8,D6
3919,8,D6
3920,3,C4
3922,3,C4
3923,3,C4
3925,7,C3
3926,7,B2
3927,6,E2
3928,7,A5
3929,6,A1
3931,6,C4
3932,5,B6
3933,5,B5
3934,2,A6
3935,5,A4
3936,10,C1
3937,6,E4
3940,5,C2
3941,5,B3
3943,5,A1
3945,4,E5
3949,1,B6
3950,1,B6
3951,1,C5
3952,1,B6
3953,1,B6
3954,4,E5
3955,5,E2
3957,2,E5
3958,2,D5
3959,2,D6
3960,2,D5
3961,2,E3
3962,5,D2
3963,5,E4
3964,6,E1
3966,2,D5
3967,2,E5
3968,6,A2
3969,13,A3
3970,13,A1
3971,7,E4
3972,0,
3976,0,
3977,0,
3978,13,C1
3980,0,
3981,0,
3982,0,
3983,0,
3984,0,
3985,0,
3986,0,
3989,33,D4
3990,33,E4
3991,33,D2
3992,33,C2
3994,32,C5
3995,32,B5
3996,32,C5
3997,32,E5
3998,32,C5
3999,32,C4
4000,32,D5
4001,17,B2
4002,9,C2
4003,0,
4004,41,A1
4005,0,
4006,9,E1
4008,9,C3
4009,9,C4
4010,9,C3
4011,9,E1
4012,9,D1
4013,1,C5
4014,9,D3
4015,9,E1
4016,9,E1
4017,9,C4
4018,9,C3
4019,9,D3
4020,4,D6
4021,9,D1
4022,9,D1
4023,4,E6
4024,4,E5
4025,4,E5
4026,5,A3
4027,5,A3
4028,5,B1
4029,5,B1
4030,5,B1
4031,5,B1
4032,5,B1
4033,5,B2
4034,5,B1
4035,4,E3
4036,5,A1
4037,5,A1
4038,5,A1
4039,5,A1
4040,5,A1
4041,5,A1
4042,1,B6
4043,38,C4
4044,30,C1
4045,30,C1
4046,30,C1
4047,21,B6
4048,11,A6
4049,11,A5
4050,16,B3
4051,15,E4
4052,16,A4
4053,15,E4
4054,16,A2
4055,7,E3
4057,25,A5
4058,24,D2
4059,25,A2
4060,25,C1
4061,26,C4
4063,3,C5
4064,6,E2
4065,7,B1
4066,3,A6
4067,3,B5
4068,0,
4070,33,C3
4072,23,E4
4073,0,
4074,33,B3
4075,13,E3
4076,35,A2
4078,35,A1
4079,26,E6
4080,35,A3
4082,35,A1
4095,33,E1
4096,26,A5
4097,25,E6
4098,27,A6
4099,27,A6
4100,35,B3
4101,34,B2
4102,26,C6
4103,34,B1
4104,26,B3
4105,35,C1
4106,35,B2
4107,27,E6
4108,27,C6
4109,27,D5
4110,27,B5
4111,27,B5
4112,35,A3
4113,34,A3
4114,26,B2
4115,26,C3
4116,26,C4
4117,26,E3
4119,24,E2
4120,27,C5
4122,27,E3
4123,28,A4
4124,27,C4
4125,33,C3
4126,33,B3
4127,33,B4
4128,32,C4
4129,33,A4
4130,25,C5
4131,25,A6
4132,33,A1
4133,25,B6
4135,25,A6
4136,24,E5
4137,25,B4
4138,25,B4
4139,25,A5
4140,33,D2
4141,33,D2
4142,33,D3
4143,33,D4
4144,25,C6
4145,25,C6
4146,33,B2
4147,25,D6
4148,25,E6
4149,25,D4
4150,24,D2
4151,33,A2
4152,24,E6
4153,24,D2
4154,24,A3
4155,24,B3
4156,24,A3
4157,33,D2
4158,32,B4
4159,25,D4
4160,25,C1
4161,24,D2
4162,32,B4
4163,25,B5
4164,25,C5
4166,25,C6
4167,25,D6
4168,25,E6
4169,25,E4
4170,25,D4
4171,25,B4
4174,25,B5
4175,25,C2
4176,24,B4
4177,23,D6
4181,17,A3
4182,16,E1
4183,17,B4
4184,10,E4
4185,17,B5
4186,16,D2
4187,16,E2
4188,16,D4
4189,17,C4
4190,16,E3
4191,17,A2
4192,17,B4
4193,16,D3
4194,17,A3
4195,16,E2
4196,24,C2
4197,24,C3
4198,24,C3
4199,30,B5
4200,9,C2
4201,6,A2
4202,9,C6
4203,9,B4
4205,5,A6
4206,3,B4
4207,17,D6
4208,17,E6
4209,17,E6
4210,18,A5
4211,18,A5
4212,18,A5
4213,17,D6
4214,17,E5
4215,25,D1
4216,26,B3
4217,17,E6
4218,19,B3
4219,19,A4
4220,19,D6
4221,35,E3
4222,35,E3
4224,16,B3
4226,25,A6
4227,27,E4
4230,27,A3
4231,26,E2
4233,27,A2
4235,19,A5
4236,19,E6
4237,27,A3
4241,15,B3
4242,15,B3
4243,15,B3
4244,15,B3
4245,15,B2
4246,8,D6
4247,15,C1
4248,8,D5
4249,8,E4
4250,8,E3
4251,9,A2
4252,9,A2
4253,8,D5
4254,15,C2
4255,15,C2
4256,14,B6
4257,15,B4
4258,15,B4
4259,14,E5
4260,14,C6
4261,22,D1
4262,22,D4
4263,22,C3
4264,22,C4
4265,22,D2
4266,22,C1
4267,22,B3
4268,22,B4
4269,14,E5
4270,15,A3
4271,14,E4
4272,15,B4
4273,15,B4
4274,15,A3
4275,8,D5
4276,15,A3
4277,15,A3
4278,15,A3
4280,14,D2
4281,8,A6
4282,0,
4283,0,
4284,0,
4285,8,D6
4287,8,D5
4288,8,E4
4289,8,D5
4290,21,B1
4291,21,D2
4292,21,D2
4293,21,B1
4294,0,
4295,0,
4296,0,
4297,0,
4298,0,
4299,0,
4300,0,
4301,0,
4302,8,A5
4303,0,
4304,0,
4305,8,A3
4306,0,
4307,0,
4308,0,
4309,0,
4310,0,
4311,8,B1
4312,8,C2
4313,4,A1
4314,0,
4315,28,C1
4316,19,C5
4317,0,
4318,0,
4319,0,
4320,18,C3
4321,26,D2
4322,9,C6
4323,0,
4324,12,B6
4325,12,A6
4326,13,A4
4327,1,A1
4328,1,A1
4329,1,A1
4330,1,A1
4332,1,A2
4333,1,A2
4334,0,
4335,1,A1
4336,1,A2
4337,0,
4338,0,
4339,33,C1
4340,16,B5
4342,16,C5
4343,16,C5
4344,24,B1
4345,25,D5
4346,26,B4
4347,33,A4
4358,16,B5
4359,15,E4
4360,9,C5
4361,19,D2
4363,13,A3
4364,13,A3
4365,13,A4
4366,12,A6
4367,18,D1
4368,17,C3
4369,17,B2
4370,17,E5
4374,17,E5
4376,7,C2
4377,7,D1
4378,7,C2
4381,2,A6
4382,3,C5
4383,3,C5
4384,3,B5
4385,3,B4
4386,0,
4387,7,C3
4388,3,D5
4389,3,D5
4390,3,C6
4392,1,C5
4393,1,E2
4394,1,E3
4395,2,D5
4396,2,D5
4397,1,E3
4398,2,A3
4399,1,D2
4400,1,D4
4401,9,D3
4402,9,D2
4403,9,D1
4404,9,E1
4405,9,E2
4406,9,D3
4407,9,D1
4408,9,D2
4409,7,E1
4410,1,D1
4411,0,
4412,2,A1
4413,0,
4414,2,E6
4415,2,E6
4416,2,E5
4417,5,B6
4418,6,A2
4419,7,B1
4420,3,A5
4421,7,B1
4422,7,B1
4423,3,A6
4424,3,A5
4425,3,B5
4426,3,B5
4427,3,C5
4428,3,B5
4429,3,B6
4430,6,E1
4431,6,E2
4432,6,E1
4433,6,E4
4434,7,A5
4435,6,E5
4436,7,A6
4438,6,D4
4439,6,D5
4440,6,C3
4441,6,D1
4442,1,E5
4443,2,D4
4444,16,A4
4445,6,B4
4446,6,B6
4447,6,B6
4448,6,B5
4450,6,A4
4451,5,E4
4452,6,A1
4453,2,A6
4454,6,A2
4455,6,A1
4456,6,A2
4457,5,E1
4458,21,D6
4459,6,A1
4460,6,A1
4461,1,E6
4462,1,E5
4463,1,E2
4465,5,D4
4466,0,
4467,4,E5
4468,5,E3
4469,5,B2
4470,2,A6
4472,5,D2
4473,5,C1
4474,5,C4
4475,5,C4
4476,5,D2
4477,5,C4
4478,5,D2
4479,2,A4
4481,5,B5
4482,5,C3
4484,1,E4
4485,5,E5
4486,6,A6
4487,5,E6
4488,5,E6
4489,10,B1
4490,10,C1
4491,5,B4
4492,5,C3
4493,5,C3
4494,5,D1
4495,1,C6
4496,1,D6
4497,5,C1
4498,1,B5
4499,1,B4
4500,1,B4
4501,1,B4
4502,1,B3
4503,1,B4
4504,1,C2
4505,1,D3
4506,1,C3
4507,1,D3
4508,1,C5
4509,1,C5
4510,1,C3
4511,1,C3
4512,1,C4
4513,1,B4
4514,1,D4
4515,1,B5
4516,1,B6
4517,1,B6
4520,9,D5
4522,1,B6
4523,1,B6
4524,1,B6
4525,1,B5
4526,1,A6
4527,1,A6
4528,1,A6
4529,1,A6
4530,1,A6
4531,5,A1
4532,5,A1
4533,1,B6
4534,1,A6
4535,1,C6
4536,1,B6
4537,5,B1
4538,1,E5
4539,5,B1
4540,5,A1
4541,5,A2
4542,5,A2
4543,13,A4
4544,5,A3
4545,5,A3
4546,5,A3
4547,5,A3
4548,26,B2
4549,5,A3
4551,4,E4
4552,5,A4
4553,4,E5
4554,16,A3
4555,5,C5
4556,17,E6
4557,5,B5
4558,7,B6
4559,41,B2
4560,30,B5
4561,27,C1
4562,4,E5
4563,4,E5
4564,16,A1
4565,9,D6
4567,4,D5
4568,0,
4569,10,A4
4570,16,C2
4571,9,A6
4572,16,A4
4573,16,A4
4574,15,E4
4575,16,C4
4576,9,A6
4577,16,A2
4578,10,A4
4579,9,E1
4580,10,A3
4581,10,A3
4582,4,D5
4584,4,D5
4585,4,D6
4586,4,E5
4587,4,D6
4588,5,A6
4589,9,E1
4590,10,A2
4591,10,A2
4593,9,C3
4594,9,D3
4595,9,D1
4596,9,D2
4597,9,D1
4598,9,D3
4599,9,C3
4600,9,C3
4601,9,C3
4602,9,C3
4603,9,C3
4604,9,D4
4605,9,C4
4606,9,C4
4607,9,C4
4608,9,E2
4609,9,C3
4611,9,D2
4612,9,D1
4615,9,D2
4616,12,A6
4617,9,E3
4618,9,D3
4619,9,D3
4621,2,A6
4622,2,A6
4623,1,E6
4624,1,E6
4625,1,E4
4626,1,D4
4627,1,D4
4628,1,E3
4629,1,D3
4630,1,D5
4631,1,D5
4632,1,D5
4633,1,D4
4634,1,D5
4636,1,D4
4638,9,E4
4639,35,D3
4640,5,A6
4641,34,D2
4642,34,D2
4643,33,E2
4644,34,A1
4645,26,A5
4646,25,D6
4647,26,C5
4648,26,D6
4649,34,D1
4650,27,B6
4651,34,E1
4652,26,E6
4653,34,D1
4654,34,E2
4655,35,C1
4656,34,A3
4657,35,A4
4658,34,D3
4659,26,C6
4660,35,C2
4661,35,D2
4662,35,A4
4664,7,B6
4665,26,A4
4666,8,B4
4667,0,
4668,9,D6
4670,11,B4
4671,10,E3
4672,9,D6
4673,16,D1
4674,5,A4
4675,10,B1
4676,5,D6
4678,12,E1
4679,12,E3
4680,7,E5
4681,0,
4682,33,C4
4683,27,D6
4684,4,D3
4685,21,A5
4686,40,C2
4687,35,E1
4688,1,D4
4689,0,
4690,0,
4691,0,
4692,0,
4693,0,
4694,40,D3
4695,16,A3
4696,0,
4697,0,
4698,0,
4699,0,
4700,0,
4701,0,
4702,0,
4703,36,E1
4704,0,
4705,28,E6
4706,36,D1
4707,28,D6
4708,36,B3
4709,28,D6
4710,0,
4711,28,E5
4712,0,
4713,0,
4714,36,C2
4715,36,D1
4716,36,C3
4717,27,E6
4718,28,E4
4719,28,D3
4720,28,D2
4722,28,C2
4723,28,D3
4724,27,D3
4725,27,D6
4726,27,E5
4727,27,E2
4728,27,B2
4729,27,A3
4730,26,C1
4731,26,B3
4732,24,D2
4733,24,D3
4734,24,C3
4735,24,C3
4736,24,D3
4737,24,D3
4738,24,D3
4739,24,D3
4740,24,D2
4741,24,D2
4742,24,D2
4743,24,D2
4744,26,A4
4745,25,D4
4746,25,C5
4747,25,D6
4748,33,D1
4749,2,D6
4751,2,E6
4752,2,D1
4753,1,C3
4754,1,C3
4755,1,C3
4756,7,A5
4757,33,C3
4758,33,D3
4759,33,D3
4760,33,D3
4761,0,
4762,33,D4
4763,33,D4
4764,33,D4
4765,33,D5
4766,33,E4
4767,25,E5
4768,33,B1
4769,25,C5
4770,25,E5
4771,25,C1
4772,18,E4
4773,33,B4
4774,25,B1
4775,36,B4
4777,35,A1
4778,35,B1
4779,26,D4
4780,26,E6
4781,28,E5
4782,28,E4
4783,0,
4784,35,E3
4785,0,
4786,0,
4787,32,A5
4788,24,B4
4789,24,B4
4790,24,B4
4791,24,B4
4792,24,A4
4793,24,B4
4794,24,B4
4795,24,B4
4796,24,B3
4797,24,A4
4798,24,B4
4798,24,B4
4800,24,B4
4801,24,B4
4802,24,B4
4803,24,B4
4804,24,B4
4805,24,B4
4806,24,B4
4807,24,B4
4808,24,B4
4809,24,B4
4810,24,B4
4811,24,B4
4812,24,B3
4813,24,B4
4814,24,B3
4815,24,B3
4816,24,B3
4817,24,B3
4818,24,B3
4819,24,B3
4820,24,A3
4821,24,B4
4822,24,B4
4823,24,B4
4824,24,A4
4825,24,A4
4826,24,A3
4827,24,B4
4828,24,B4
4829,24,B4
4830,24,B4
4831,24,B3
4832,24,B4
4833,24,B4
4834,24,B3
4835,24,A4
4836,23,E4
4837,31,E1
4838,32,A2
4839,24,B6
4840,31,D2
4841,23,C6
4842,23,D5
4843,24,A4
4844,31,E1
4845,31,D2
4846,31,D2
4847,23,E4
4848,23,D5
4849,32,A2
4850,23,D6
4851,23,C6
4852,31,D2
4853,23,E6
4854,23,D6
4855,24,A5
4857,24,A5
4858,24,A5
4859,24,A4
4860,24,A5
4861,24,A6
4862,24,A5
4863,31,C1
4864,24,A4
4865,32,B5
4865,24,A6
4866,32,A2
4867,32,B4
4868,32,B3
4869,32,B3
4870,32,C5
4871,32,B5
4872,32,B3
4873,32,B4
4874,32,C5
4875,32,C4
4876,31,E2
4877,31,D3
4878,32,A2
4879,24,E3
4880,24,E3
4881,31,D1
4882,31,D2
4883,31,E1
4884,31,D1
4885,9,C5
4886,16,E5
4887,24,E1
4888,24,C2
4890,24,D4
4891,17,A3
4892,24,C2
4893,16,E5
4894,25,C1
4895,15,D1
4898,15,A3
4899,24,B2
4900,32,C3
4901,32,E1
4902,24,A3
4903,0,
4904,15,D1
4905,16,A3
4906,16,A3
4907,16,A2
4910,5,E6
4911,2,D2
4912,2,A6
4912,1,C4
4913,5,E3
4914,5,D3
4915,2,A3
4916,1,C2
4917,5,E2
4918,5,E2
4919,6,A2
4920,5,E2
4922,6,A1
4924,1,E6
4925,32,B5
4926,2,A2
4927,3,A3
4928,2,E3
4929,3,B4
4930,2,E3
4931,3,B4
4932,5,E1
4933,24,D3
4934,24,D3
4935,24,D3
4947,24,C2
4948,24,C3
4949,24,D2
4950,24,D3
4951,24,D3
4952,24,D2
4953,24,D2
4954,24,C2
4955,24,D2
4956,24,D2
4957,24,D2
4958,24,D2
4959,24,D2
4960,23,E5
4961,24,B4
4962,24,B4
4963,24,A3
4964,23,E4
4965,24,A1
4966,16,B5
4967,16,C6
4968,25,C1
4969,24,E1
4970,17,C3
4971,16,C5
4972,16,C5
4973,16,B5
4974,16,B5
4975,16,B5
4976,16,B5
4977,24,A1
4978,23,E1
4979,23,E2
4980,24,A2
4981,23,E1
4982,24,A1
4983,24,A1
4984,16,A6
4985,16,D5
4986,24,A2
4986,15,C3
4987,16,A6
4988,16,A6
4989,16,C5
4990,17,A4
4991,17,A3
4992,17,A5
4993,17,A6
4994,16,E4
4995,17,B4
4996,17,A4
4997,16,E4
4998,16,E3
4999,17,C5
5000,16,D5
5001,17,D5
5002,17,C6
5003,16,D1
5004,16,E1
5005,24,D1
5006,16,E6
5007,16,D4
5008,16,D3
5009,16,D3
5011,16,D3
5012,17,B5
5013,17,A3
5015,17,A4
5017,17,A6
5018,16,E4
5019,17,A5
5020,16,E4
5021,16,E4
5022,16,E3
5023,17,A3
5024,16,D4
5025,16,E3
5026,16,D4
5028,16,E4
5029,16,E3
5030,16,D3
5031,16,E1
5032,16,E2
